## 数据库（数据库管理系统：简单的sql语句）

io流

ObjectOutputStream  -->Java对象（张三 20 ...）--> 序列化到文件中

反序列化

new Java对象

readoObject()

writeObject

### 常见的数据库管理系统

Oracle  甲骨文 （收购sun:太阳）

Oracle做数据库起家。

Oracle收购 --> MySQL AB公司

Oracle MySQL DB2 Sybase   "MS SqlServer支持标准的sql的数据库管理系统"

## MySQL

### 安装MySQL

百度

**cmd登录MySQL：**mysql -uroot -proot 

-p直接回车密码不显示

-u后是用户，-p后是密码

### sql、DB、 DBMS分别是什么，他们之间的关系

https://blog.csdn.net/puhuihui/article/details/104496941

DBMS -(执行)-> SQL -(操作)-> DB 

### 什么是表

**表：**table是数据库的基本组成单元，所有的数据都以表格的形式组织，目的是可读性强

**一个表包括行和列：**

> 行：被称为数据/记录（data）
>
> 列：被称为字段（column）

![image-20210426164008642](https://cdn.jsdelivr.net/gh/fristalpha/alpha/BlogPic/20210426164017.png)



### 通用的sql语句

学习MySQL主要还是学习通用的sql语句，那么sql语句包括增删改，那么sql语句怎么分类？

>DQL（数据查询语言）：查询语句，凡是selec语句都是DQL
>
>DML（数据操作语言）：insert delete update，对表中的数据进行增删改
>
>DDL（数据定义语言）：creat drop alter，对表结构的增删改
>
>TCL（事物控制语言）：commit提交事物，rollback回滚事物
>
>DCL：（数据控制语言）：grant授权、revoke撤销权限等



### 导入数据（后期练习的时候使用这个演示数据）

第一步：登录mysql数据库管理系统

> cmd
>
> mysql -uxxxxxx -pxxxxx

第二步：查看有哪些数据库

> show databases;（这个不是sql语句，属于MySQL的命令）

第三步：创建属于自己的数据库

> create database bjdemo;（这个不是sql语句，属于MySQL命令）

第四步：使用bjdemo数据

> use bjdemo;（这个不是sql语句，属于MySQL命令）

第五步：查看当前使用的数据库中有哪些表

> show tables;（这个不是sql语句，属于MySQL命令）

第六步：初始化数据

> source 文件路径
>
> source D:\xx\xx\bjpowernode.sql

### SQL脚本

bjpowernode.sql这样的文件被称为sql脚本，当一个文件的扩展名是.sql，并且编写了大量的sql数据，我们称这样的文件为sql脚本

注意：直接使用source命令可以执行sql脚本。

sql脚本中的数据太大的时候，无法打开，请使用source命令完成初始化

***除数据库：***

> **drop database 数据库名;**

***查看表结构：***

> **desc 表明;**

***表格中的数据：***

> **select * from 表名;          （sql语句）**

***查看创建表的语句：***

> **show create table 表名;**

下面就是sql语句了

### 简单的查询语句（DQL）

语法格式：

> 查询所有字段：
>
> ```sql
> select * from 表名;
> ```
>
> 实际开发中不建议用*，效率较低

> ```sql
> select 字段名1,字段名2,字段名3,....from表名;
> ```
>
> ```sql
> mysql> select username from user;
> +------------------+
> | username         |
> +------------------+
> | cb               |
> | 123              |
> | biaocheng@qq.com |
> | 123              |
> | 1                |
> +------------------+
> 5 rows in set (0.00 sec)
> ```
>
> 提示：
>
> 1. 任何一条sql语句以“;”结尾
>
> 2. sql语句不区分大小写
>
> 3. 字段可以参与数学运算
>
>    > ```sql
>    > mysql> select id *10 from user;
>    > 
>    > ```

### 条件查询

> 语法格式：
>
> ```sql
> select
> 	字段,字段...
> from
> 	表名
> where
> 	条件;
> ```
>
> 字符串使用单引号括起来
>
> 查询用户名为cb的用户的密码
>
> ```sql
> mysql> select password from user where username = 'cb'
>     -> ;
> +----------+
> | password |
> +----------+
> | 123      |
> +----------+
> 1 row in set (0.00 sec)
> ```
>
> ![image-20210427091213902](https://cdn.jsdelivr.net/gh/fristalpha/alpha/BlogPic/20210427091222.png)

### 模糊查询（link）

**注：再模糊查询中，必须掌握两个特殊符号，一个是%，一个是_**

**%代表任意多个字符，_代表任意一个字符**

找出名字中第二个字母是a的

```sql
select name from user where name like '%a%';
```

找出名字中第二个字母是a的

```sql
select name from user where name like '_a%';
```

找出名字中第三个字母是a的

```sql
select name from user where name like '__a% ';
```

找出名字中有下划线的（\具有转义作用）

```sql
select name from user where name like '%\_%'; 
```

找出名字中最后一个字母是a的

```sql
select name from user where name like '%a ';
```

### 排序（升序、降序）

注意：默认是升序，asc表示升序，desc表示降序

```sql
select name,id from user order by id; //升序
```

```sql
select name,id from user order by id asc; //升序
```

```sql
select name,id from user order by id desc; //降序
```

越靠前的字段越能起到主导作用，只有当前面的字段无法完成排序的时候，才会启用后面的字段

**id降序当id相等的时候按名字降序。**

```sql
select name,id from user order by id desc,name desc;
```

**找出密码是123的用户并别按照id的降序排列**

```sql
select
	name,id, password
from
	user
where
	password = '123'
order by
	id desc;
```

***语句执行顺序***

![image-20210427152548708](https://cdn.jsdelivr.net/gh/fristalpha/alpha/BlogPic/20210427152559.png)

### 分组函数

count 计数

sum 求和

avg 平均值

max 最大值

min 最小值

记住：所有的分组函数都是对**某一组**数据进行操作的

> 找出工资总和
>
> ```sql
> mysql> select sum(sal) from emp;
> +----------+
> | sum(sal) |
> +----------+
> | 29025.00 |
> +----------+
> 1 row in set (0.00 sec)
> ```

> 找出最高工资
>
> ```sql
> mysql> select max(sal) from emp;
> +----------+
> | max(sal) |
> +----------+
> |  5000.00 |
> +----------+
> 1 row in set (0.00 sec)
> ```

> 找出最低工资
>
> ```sql
> mysql> select min(sal) from emp;
> +----------+
> | min(sal) |
> +----------+
> |   800.00 |
> +----------+
> 1 row in set (0.00 sec)
> ```

> 找出平均工资
>
> ```sql
> mysql> select avg(sal) from emp;
> +-------------+
> | avg(sal)    |
> +-------------+
> | 2073.214286 |
> +-------------+
> 1 row in set (0.00 sec)
> ```

> 找出总人数
>
> ```sql
> mysql> select count(*) from emp;
> +----------+
> | count(*) |
> +----------+
> |       14 |
> +----------+
> 1 row in set (0.00 sec)
> 或者
> 
> mysql> select count(ename) from emp;
> +--------------+
> | count(ename) |
> +--------------+
> |           14 |
> +--------------+
> 1 row in set (0.00 sec)
> ```

**分组函数一共五个，分组函数还有另一个名字：多行处理函数**

**多行处理函数的特点：输入多行，最终输出结构是1行。**

**分组函数自动忽略null**

> ```sql
> mysql> select count(comm) from emp;
> +-------------+
> | count(comm) |
> +-------------+
> |           4 |
> +-------------+
> 1 row in set (0.00 sec)
> ```
>
> ```sql
> mysql> select sum(comm) from emp;
> +-----------+
> | sum(comm) |
> +-----------+
> |   2200.00 |
> +-----------+
> 1 row in set (0.00 sec)
> 
> ```
>
> ```sql
> mysql> select sum(comm) from emp where comm is not null;//不需要添加这个过滤条件，sum函数自动忽略null
> ```

找出工资高于平均工资的员工

> ```sql
> mysql> select avg(sal) from emp;	//平均工资
> +-------------+
> | avg(sal)    |
> +-------------+
> | 2073.214286 |
> +-------------+
> 1 row in set (0.00 sec)
> 
> ```
>
> 

count(*)和count(具体的某个字段)的区别

> count (*)：不是统计某个字段中数据的个数，而是统计总记录条数（和某个字段无关）
>
> count(comm)：表示统计comm字段中不为null的数据总数量

分组函数也能组合使用

> ```sql
> mysql> select count(*),sum(sal),avg(sal),max(sal),min(sal) from emp
>     -> ;
> +----------+----------+-------------+----------+----------+
> | count(*) | sum(sal) | avg(sal)    | max(sal) | min(sal) |
> +----------+----------+-------------+----------+----------+
> |       14 | 29025.00 | 2073.214286 |  5000.00 |   800.00 |
> +----------+----------+-------------+----------+----------+
> 1 row in set (0.00 sec)
> ```
>
> 

### 单行处理函数

什么是单行处理函数

> 输入一行，输出一行

计算每个员工的年薪

**重点：**所有数据库都是这样规定的，只要有null参与的运算的结果一定是null

> ```sql
> mysql> select ename,(sal+comm)*12 as yearsal from emp;
> +--------+----------+
> | ename  | yearsal  |
> +--------+----------+
> | SMITH  |     NULL |
> | ALLEN  | 22800.00 |
> | WARD   | 21000.00 |
> | JONES  |     NULL |
> | MARTIN | 31800.00 |
> | BLAKE  |     NULL |
> | CLARK  |     NULL |
> | SCOTT  |     NULL |
> | KING   |     NULL |
> | TURNER | 18000.00 |
> | ADAMS  |     NULL |
> | JAMES  |     NULL |
> | FORD   |     NULL |
> | MILLER |     NULL |
> +--------+----------+
> 14 rows in set (0.00 sec)
> ```

if null(可能位null的数据，被当做什么处理)

> ```sql
> mysql>  select ename,(sal+ifnull(comm,0))*12 as yearsal from emp;
> +--------+----------+
> | ename  | yearsal  |
> +--------+----------+
> | SMITH  |  9600.00 |
> | ALLEN  | 22800.00 |
> | WARD   | 21000.00 |
> | JONES  | 35700.00 |
> | MARTIN | 31800.00 |
> | BLAKE  | 34200.00 |
> | CLARK  | 29400.00 |
> | SCOTT  | 36000.00 |
> | KING   | 60000.00 |
> | TURNER | 18000.00 |
> | ADAMS  | 13200.00 |
> | JAMES  | 11400.00 |
> | FORD   | 36000.00 |
> | MILLER | 15600.00 |
> +--------+----------+
> 14 rows in set (0.00 sec)
> ```
>
> 

